Targa;Modello
GB355SX;MOTRICE
GX304AE;MOTRICE - FRIGO
GV970DD;MOTRICE - FRIGO
GS382GX;TRATTORE
GN844AZ;MOTRICE - FRIGO
GM833GR;MOTRICE - FRIGO
GM832GR;MOTRICE - FRIGO
GM831GR;MOTRICE - FRIGO
GM792GR;MOTRICE - FRIGO
GM791GR;MOTRICE - FRIGO
GM790GR;MOTRICE - FRIGO
GM789GR;MOTRICE - FRIGO
GM755GR;MOTRICE - FRIGO
GM753GR;MOTRICE - FRIGO
GL281AA;MOTRICE - FRIGO
GL280AA;MOTRICE - FRIGO
GJ281FT;TRATTORE
GJ279FT;TRATTORE
GJ278FT;TRATTORE
GJ277FT;TRATTORE
GJ276FT;TRATTORE
GJ133NK;MOTRICE - FRIGO
GJ034NK;MOTRICE - FRIGO
GJ032NK;MOTRICE - FRIGO
GJ031NK;TRATTORE
GH260PC;TRATTORE
GH254PC;TRATTORE
GH227PC;TRATTORE
GH220PC;TRATTORE
GH219PC;TRATTORE
GH162VB;MOTRICE - FRIGO
GG336VS;MOTRICE - FRIGO
GG309PP;TRATTORE
GG209PP;TRATTORE
GG204PP;TRATTORE
GG203PP;TRATTORE
GG201PP;TRATTORE
GG021NR;MOTRICE - FRIGO
GE754GW;MOTRICE - FRIGO
GC275AM;TRATTORE
GB995SR;TRATTORE
GB994SR;TRATTORE
GB562SR;MOTRICE - FRIGO
GB561SR;TRATTORE
GB559SR;MOTRICE - FRIGO
GB363SR;TRATTORE
GB362SR;TRATTORE
GB361SR;TRATTORE
GB356SX;MOTRICE - FRIGO
GB354SX;MOTRICE - FRIGO
GB042SR;MOTRICE - FRIGO
GB041SR;MOTRICE - FRIGO
GA467PN;MOTRICE - FRIGO
GA143PN;MOTRICE - FRIGO
FY675VE;TRATTORE
FY670VE;TRATTORE
FY158VE;TRATTORE
FY157VE;TRATTORE
FY155VE;TRATTORE
FY153VE;TRATTORE
FV380DL;TRATTORE
FV153DH;MOTRICE - FRIGO
FV152DH;MOTRICE - FRIGO
FT807WG;TRATTORE
FT805WG;TRATTORE
FT633WG;TRATTORE
FT594HP;MOTRICE - FRIGO
FT444WG;TRATTORE
FS971CF;MOTRICE - FRIGO
FN194CC;MOTRICE - FRIGO
FM546NN;MOTRICE - FRIGO
FM278SG;MOTRICE - FRIGO
FM221WY;MOTRICE - FRIGO
FL956LV;TRATTORE
FE178FV;TRATTORE
EZ948PD;MOTRICE - FRIGO
EZ940PD;MOTRICE - FRIGO
EZ924PD;MOTRICE - FRIGO
EZ606PD;MOTRICE - FRIGO
EY916DM;MOTRICE - FRIGO
EY915DM;MOTRICE - FRIGO
EY914DM;MOTRICE - FRIGO
EY913DM;MOTRICE - FRIGO
EY909DM;MOTRICE - FRIGO
EY907DM;MOTRICE - FRIGO
EY845DM;MOTRICE - FRIGO
EY844DM;MOTRICE - FRIGO
EX971VR;MOTRICE - FRIGO
EX842JS;MOTRICE - FRIGO
EV021MW;TRATTORE
ET225HR;MOTRICE - FRIGO
ET224HR;MOTRICE - FRIGO
ET223HR;MOTRICE - FRIGO
ET076HR;MOTRICE - FRIGO
ES997WA;MOTRICE - FRIGO
ES993WA;MOTRICE - FRIGO
EP977EL;MOTRICE - FRIGO
EP976EL;MOTRICE - FRIGO
EP975EL;MOTRICE - FRIGO
EP974EL;MOTRICE - FRIGO
EL962TG;MOTRICE - FRIGO
EL205YA;MOTRICE - FRIGO
EK433FW;MOTRICE - FRIGO
EK339FW;MOTRICE - FRIGO
EJ458TE;MOTRICE - FRIGO
EH820HA;MOTRICE - FRIGO
EH149SC;MOTRICE - FRIGO
EG978VJ;MOTRICE - FRIGO
EG977VJ;MOTRICE - FRIGO
EG972VJ;MOTRICE - FRIGO
EF811JE;MOTRICE - FRIGO
EF809JE;MOTRICE - FRIGO
EF808JE;MOTRICE - FRIGO
EF807JE;MOTRICE - FRIGO
EF418YE;MOTRICE - FRIGO
EF268YE;MOTRICE - FRIGO
EF267YE;MOTRICE - FRIGO
EF266YE;MOTRICE - FRIGO
EF132YE;MOTRICE - FRIGO
EB082NN;MOTRICE - FRIGO
DZ790LD;MOTRICE - FRIGO
DY842SA;MOTRICE - FRIGO
DY841SA;MOTRICE - FRIGO
DY603SA;MOTRICE - FRIGO
DY521SA;MOTRICE - FRIGO
DY520SA;MOTRICE - FRIGO
DY121ST;MOTRICE - FRIGO
DX651ZZ;MOTRICE - FRIGO
DX637DM;MOTRICE - FRIGO
DX473DM;MOTRICE - FRIGO
DX380DM;MOTRICE - FRIGO
DW215RV;MOTRICE - FRIGO
DT628HB;TRATTORE
DT623HB;TRATTORE
DT613HB;TRATTORE
DT372ZH;MOTRICE - FRIGO
DS965ND;MOTRICE - FRIGO
DR479GR;MOTRICE - FRIGO
DK933RM;MOTRICE - FRIGO
DK879HY;MOTRICE - FRIGO
DJ494AH;MOTRICE CENTINATA
DB431FP;MOTRICE - FRIGO
